-- phpMyAdmin SQL Dump
-- version 4.5.2
-- http://www.phpmyadmin.net
--
-- Host: localhost
-- Generation Time: May 04, 2017 at 02:11 
-- Server version: 10.1.19-MariaDB
-- PHP Version: 5.5.38

SET SQL_MODE = "NO_AUTO_VALUE_ON_ZERO";
SET time_zone = "+00:00";


/*!40101 SET @OLD_CHARACTER_SET_CLIENT=@@CHARACTER_SET_CLIENT */;
/*!40101 SET @OLD_CHARACTER_SET_RESULTS=@@CHARACTER_SET_RESULTS */;
/*!40101 SET @OLD_COLLATION_CONNECTION=@@COLLATION_CONNECTION */;
/*!40101 SET NAMES utf8mb4 */;

--
-- Database: `db_rtlh`
--

-- --------------------------------------------------------

--
-- Table structure for table `mst_desa`
--

CREATE TABLE `mst_desa` (
  `id_desa` varchar(10) NOT NULL,
  `kecamatan_id` varchar(7) NOT NULL,
  `nm_desa` varchar(40) NOT NULL
) ENGINE=InnoDB DEFAULT CHARSET=utf8;

--
-- Dumping data for table `mst_desa`
--

INSERT INTO `mst_desa` (`id_desa`, `kecamatan_id`, `nm_desa`) VALUES
('3271010001', '3271010', 'Mulyaharja'),
('3271010002', '3271010', 'Pamoyanan'),
('3271010003', '3271010', 'Ranggamekar'),
('3271010004', '3271010', 'Genteng'),
('3271010005', '3271010', 'Kertamaya'),
('3271010006', '3271010', 'Rancamaya'),
('3271010007', '3271010', 'Bojongkerta'),
('3271010008', '3271010', 'Harjasari'),
('3271010009', '3271010', 'Muarasari'),
('3271010010', '3271010', 'Pakuan'),
('3271010011', '3271010', 'Cipaku'),
('3271010012', '3271010', 'Lawanggintung'),
('3271010013', '3271010', 'Batutulis'),
('3271010014', '3271010', 'Bondongan'),
('3271010015', '3271010', 'Empang'),
('3271010016', '3271010', 'Cikaret'),
('3271020001', '3271020', 'Sindangsari'),
('3271020002', '3271020', 'Sindangrasa'),
('3271020003', '3271020', 'Tajur'),
('3271020004', '3271020', 'Katulampa'),
('3271020005', '3271020', 'Baranangsiang'),
('3271020006', '3271020', 'Sukasari'),
('3271030001', '3271030', 'Bantarjati'),
('3271030002', '3271030', 'Tegalgundil'),
('3271030003', '3271030', 'Tanahbaru'),
('3271030004', '3271030', 'Cimahpar'),
('3271030005', '3271030', 'Ciluar'),
('3271030006', '3271030', 'Cibuluh'),
('3271030007', '3271030', 'Kedunghalang'),
('3271030008', '3271030', 'Ciparigi'),
('3271040001', '3271040', 'Paledang'),
('3271040002', '3271040', 'Gudang'),
('3271040003', '3271040', 'Babakanpasar'),
('3271040004', '3271040', 'Tegallega'),
('3271040005', '3271040', 'Babakan'),
('3271040006', '3271040', 'Sempur'),
('3271040007', '3271040', 'Pabaton'),
('3271040008', '3271040', 'Cibogor'),
('3271040009', '3271040', 'Panaragan'),
('3271040010', '3271040', 'Kebonkelapa'),
('3271040011', '3271040', 'Ciwaringin'),
('3271050001', '3271050', 'Pasirmulya'),
('3271050002', '3271050', 'Pasirkuda'),
('3271050003', '3271050', 'Pasirjaya'),
('3271050004', '3271050', 'Gunungbatu'),
('3271050005', '3271050', 'Loji'),
('3271050006', '3271050', 'Menteng'),
('3271050007', '3271050', 'Cilendek Timur'),
('3271050008', '3271050', 'Cilendek Barat'),
('3271050009', '3271050', 'Sindangbarang'),
('3271050010', '3271050', 'Margajaya'),
('3271050011', '3271050', 'Balungbangjaya'),
('3271050012', '3271050', 'Situgede'),
('3271050013', '3271050', 'Bubulak'),
('3271050014', '3271050', 'Semplak'),
('3271050015', '3271050', 'Curugmekar'),
('3271050016', '3271050', 'Curug'),
('3271060001', '3271060', 'Kedungwaringin'),
('3271060002', '3271060', 'Kedungjaya'),
('3271060003', '3271060', 'Kebonpedes'),
('3271060004', '3271060', 'Tanahsareal'),
('3271060005', '3271060', 'Kedungbadak'),
('3271060006', '3271060', 'Sukaresmi'),
('3271060007', '3271060', 'Sukadamai'),
('3271060008', '3271060', 'Cibadak'),
('3271060009', '3271060', 'Kayumanis'),
('3271060010', '3271060', 'Mekarwangi'),
('3271060011', '3271060', 'Kencana');

-- --------------------------------------------------------

--
-- Table structure for table `mst_kecamatan`
--

CREATE TABLE `mst_kecamatan` (
  `id_kecamatan` varchar(7) NOT NULL,
  `kabupaten_id` varchar(4) NOT NULL,
  `nm_kecamatan` varchar(30) NOT NULL,
  `lat` varchar(50) NOT NULL,
  `lon` varchar(50) NOT NULL
) ENGINE=InnoDB DEFAULT CHARSET=utf8;

--
-- Dumping data for table `mst_kecamatan`
--

INSERT INTO `mst_kecamatan` (`id_kecamatan`, `kabupaten_id`, `nm_kecamatan`, `lat`, `lon`) VALUES
('3271010', '3271', ' Bogor Selatan', '', ''),
('3271020', '3271', ' Bogor Timur', '', ''),
('3271030', '3271', ' Bogor Utara', '', ''),
('3271040', '3271', ' Bogor Tengah', '', ''),
('3271050', '3271', ' Bogor Barat', '', ''),
('3271060', '3271', ' Tanah Sereal', '', '');

-- --------------------------------------------------------

--
-- Table structure for table `t-kec`
--

CREATE TABLE `t-kec` (
  `id-kec` varchar(2) NOT NULL,
  `nm-kec` varchar(50) NOT NULL,
  `almt` varchar(50) NOT NULL,
  `telp` varchar(10) NOT NULL
) ENGINE=InnoDB DEFAULT CHARSET=latin1;

-- --------------------------------------------------------

--
-- Table structure for table `t-kel`
--

CREATE TABLE `t-kel` (
  `id-kel` varchar(4) NOT NULL,
  `nm-kel` varchar(50) NOT NULL,
  `almt` varchar(50) NOT NULL,
  `telp` varchar(10) NOT NULL
) ENGINE=InnoDB DEFAULT CHARSET=latin1;

-- --------------------------------------------------------

--
-- Table structure for table `t-rincibantuan`
--

CREATE TABLE `t-rincibantuan` (
  `no-ktp` varchar(20) NOT NULL,
  `id-bantuan` int(2) NOT NULL,
  `thn-bantuan` varchar(4) NOT NULL
) ENGINE=InnoDB DEFAULT CHARSET=latin1;

-- --------------------------------------------------------

--
-- Table structure for table `t-rt`
--

CREATE TABLE `t-rt` (
  `id_rt` int(8) NOT NULL,
  `no_rt` int(11) NOT NULL,
  `nm_rt` varchar(50) NOT NULL,
  `rt_almt` varchar(50) NOT NULL,
  `rt_telp` varchar(10) NOT NULL,
  `rt_kec` bigint(20) NOT NULL,
  `rt_kel` bigint(11) NOT NULL,
  `rt_rw` bigint(11) NOT NULL
) ENGINE=InnoDB DEFAULT CHARSET=latin1;

--
-- Dumping data for table `t-rt`
--

INSERT INTO `t-rt` (`id_rt`, `no_rt`, `nm_rt`, `rt_almt`, `rt_telp`, `rt_kec`, `rt_kel`, `rt_rw`) VALUES
(1, 1, 'RT Pak Imam', 'Balungbangjaya - Bogor Barat', '39493', 3271050, 3271050011, 1),
(3, 5, 'RT Ke Lima', 'Balungbangjaya - Bogor Barat', '012930219', 3271050, 3271050011, 1),
(5, 8, 'delapan', 'Balungbangjaya', '1231', 3271050, 3271050011, 1),
(6, 1, '', '', '', 3271020, 3271020005, 12),
(7, 2, '', '', '', 3271020, 3271020005, 12),
(8, 1, '', '', '', 3271020, 3271020005, 8),
(9, 2, '', '', '', 3271020, 3271020005, 8),
(10, 3, '', '', '', 3271020, 3271020005, 9),
(11, 5, '', '', '', 3271020, 3271020005, 7),
(12, 2, '', '', '', 3271020, 3271020005, 7),
(13, 1, '', '', '', 3271020, 3271020005, 1),
(14, 3, '', '', '', 3271020, 3271020005, 12),
(15, 5, '', '', '', 3271020, 3271020005, 12),
(16, 4, '', '', '', 3271020, 3271020005, 9),
(17, 5, '', '', '', 3271020, 3271020004, 9),
(18, 4, '', '', '', 3271020, 3271020004, 9),
(19, 3, '', '', '', 3271020, 3271020004, 9),
(20, 1, '', '', '', 3271020, 3271020004, 14),
(21, 2, '', '', '', 3271020, 3271020004, 14),
(22, 7, '', '', '', 3271020, 3271020004, 1),
(23, 3, '', '', '', 3271020, 3271020004, 1),
(24, 4, '', '', '', 3271020, 3271020004, 1),
(25, 1, '', '', '', 3271020, 3271020004, 4),
(26, 5, '', '', '', 3271020, 3271020004, 8),
(27, 7, '', '', '', 3271020, 3271020004, 8),
(28, 1, '', '', '', 3271020, 3271020004, 5),
(29, 2, '', '', '', 3271020, 3271020004, 5),
(30, 2, '', '', '', 3271020, 3271020004, 6),
(31, 1, '', '', '', 3271020, 3271020001, 5),
(32, 2, '', '', '', 3271020, 3271020001, 5),
(33, 4, '', '', '', 3271020, 3271020001, 5),
(34, 3, '', '', '', 3271020, 3271020001, 5),
(35, 3, '', '', '', 3271020, 3271020001, 6),
(36, 1, '', '', '', 3271020, 3271020001, 7),
(37, 3, '', '', '', 3271020, 3271020002, 9),
(38, 4, '', '', '', 3271020, 3271020002, 10),
(39, 1, '', '', '', 3271020, 3271020002, 11),
(40, 2, '', '', '', 3271020, 3271020002, 11),
(41, 4, '', '', '', 3271020, 3271020002, 7),
(42, 5, '', '', '', 3271020, 3271020002, 7),
(43, 3, '', '', '', 3271020, 3271020002, 12),
(44, 2, '', '', '', 3271020, 3271020002, 12),
(45, 1, '', '', '', 3271020, 3271020002, 12),
(46, 2, '', '', '', 3271020, 3271020002, 8),
(47, 1, '', '', '', 3271020, 3271020002, 8),
(48, 2, '', '', '', 3271020, 3271020002, 4),
(49, 4, '', '', '', 3271020, 3271020002, 4),
(50, 1, '', '', '', 3271020, 3271020003, 4),
(51, 2, '', '', '', 3271020, 3271020003, 4),
(52, 3, '', '', '', 3271020, 3271020003, 4),
(53, 5, '', '', '', 3271020, 3271020003, 4),
(54, 1, '', '', '', 3271020, 3271020003, 5),
(55, 2, '', '', '', 3271020, 3271020003, 5),
(56, 4, '', '', '', 3271040, 3271040005, 5),
(57, 5, '', '', '', 3271040, 3271040005, 5),
(58, 1, '', '', '', 3271040, 3271040005, 5),
(59, 2, '', '', '', 3271040, 3271040005, 5),
(60, 1, '', '', '', 3271040, 3271040005, 2),
(61, 3, '', '', '', 3271040, 3271040005, 2),
(62, 5, '', '', '', 3271040, 3271040005, 2),
(63, 1, '', '', '', 3271040, 3271040005, 6),
(64, 2, '', '', '', 3271040, 3271040005, 6),
(65, 2, '', '', '', 3271040, 3271040007, 3),
(66, 3, '', '', '', 3271040, 3271040007, 3),
(67, 2, '', '', '', 3271040, 3271040003, 3),
(68, 4, '', '', '', 3271040, 3271040003, 4),
(69, 5, '', '', '', 3271040, 3271040003, 4),
(70, 1, '', '', '', 3271040, 3271040003, 5),
(71, 3, '', '', '', 3271040, 3271040003, 5),
(72, 2, '', '', '', 3271040, 3271040003, 8),
(73, 3, '', '', '', 3271040, 3271040003, 8),
(74, 2, '', '', '', 3271040, 3271040003, 9),
(75, 3, '', '', '', 3271040, 3271040003, 9),
(76, 5, '', '', '', 3271040, 3271040003, 9),
(77, 1, '', '', '', 3271040, 3271040003, 10),
(78, 2, '', '', '', 3271040, 3271040003, 10),
(79, 3, '', '', '', 3271040, 3271040003, 10),
(80, 1, '', '', '', 3271040, 3271040003, 3),
(81, 2, '', '', '', 3271040, 3271040008, 1),
(82, 3, '', '', '', 3271040, 3271040008, 1),
(83, 4, '', '', '', 3271040, 3271040008, 1),
(84, 6, '', '', '', 3271040, 3271040008, 1),
(85, 1, '', '', '', 3271040, 3271040008, 2),
(86, 2, '', '', '', 3271040, 3271040008, 2),
(87, 5, '', '', '', 3271040, 3271040008, 2),
(88, 2, '', '', '', 3271040, 3271040008, 4),
(89, 3, '', '', '', 3271040, 3271040008, 4),
(90, 4, '', '', '', 3271040, 3271040008, 4),
(91, 4, '', '', '', 3271040, 3271040008, 5),
(92, 1, '', '', '', 3271040, 3271040008, 5),
(93, 3, '', '', '', 3271040, 3271040008, 5),
(94, 2, '', '', '', 3271040, 3271040008, 3),
(95, 3, '', '', '', 3271040, 3271040008, 6),
(96, 1, '', '', '', 3271040, 3271040008, 6),
(97, 4, '', '', '', 3271040, 3271040008, 2),
(98, 3, '', '', '', 3271040, 3271040011, 3),
(99, 3, '', '', '', 3271040, 3271040011, 8),
(100, 2, '', '', '', 3271040, 3271040011, 8),
(101, 3, '', '', '', 3271040, 3271040011, 10),
(102, 1, '', '', '', 3271040, 3271040011, 10),
(103, 4, '', '', '', 3271040, 3271040011, 10),
(104, 1, '', '', '', 3271040, 3271040011, 4),
(105, 4, '', '', '', 3271040, 3271040011, 5),
(106, 2, '', '', '', 3271040, 3271040011, 5),
(107, 3, '', '', '', 3271040, 3271040011, 12),
(108, 2, '', '', '', 3271040, 3271040011, 12),
(109, 1, '', '', '', 3271040, 3271040011, 12),
(110, 5, '', '', '', 3271040, 3271040011, 7),
(111, 3, '', '', '', 3271040, 3271040011, 7),
(112, 2, '', '', '', 3271040, 3271040011, 7),
(113, 3, '', '', '', 3271040, 3271040011, 9),
(114, 3, '', '', '', 3271040, 3271040006, 5),
(117, 1, '', '', '', 3271040, 3271040006, 6),
(118, 2, '', '', '', 3271040, 3271040006, 6),
(119, 3, '', '', '', 3271040, 3271040006, 6),
(120, 1, '', '', '', 3271040, 3271040006, 7),
(121, 2, '', '', '', 3271040, 3271040006, 7),
(122, 5, '', '', '', 3271040, 3271040006, 4),
(123, 3, '', '', '', 3271040, 3271040006, 3),
(124, 1, '', '', '', 3271040, 3271040004, 4),
(125, 2, '', '', '', 3271040, 3271040004, 4),
(126, 3, '', '', '', 3271040, 3271040004, 4),
(127, 4, '', '', '', 3271040, 3271040004, 4),
(128, 5, '', '', '', 3271040, 3271040004, 4),
(129, 4, '', '', '', 3271040, 3271040004, 6),
(130, 3, '', '', '', 3271040, 3271040004, 9),
(131, 1, '', '', '', 3271040, 3271040004, 2),
(132, 2, '', '', '', 3271040, 3271040004, 2),
(133, 3, '', '', '', 3271040, 3271040002, 3),
(134, 5, '', '', '', 3271040, 3271040002, 3),
(135, 1, '', '', '', 3271040, 3271040002, 7),
(136, 2, '', '', '', 3271040, 3271040002, 7),
(137, 1, '', '', '', 3271040, 3271040002, 11),
(138, 2, '', '', '', 3271040, 3271040002, 11),
(139, 3, '', '', '', 3271040, 3271040002, 11),
(140, 4, '', '', '', 3271040, 3271040002, 11),
(141, 2, '', '', '', 3271040, 3271040002, 12),
(142, 3, '', '', '', 3271040, 3271040002, 12),
(143, 4, '', '', '', 3271040, 3271040002, 12),
(144, 4, '', '', '', 3271040, 3271040002, 1),
(145, 5, '', '', '', 3271040, 3271040002, 1),
(146, 2, '', '', '', 3271040, 3271040002, 2),
(147, 3, '', '', '', 3271040, 3271040002, 2),
(148, 4, '', '', '', 3271040, 3271040002, 2),
(149, 1, '', '', '', 3271040, 3271040010, 6),
(150, 2, '', '', '', 3271040, 3271040010, 6),
(151, 3, '', '', '', 3271040, 3271040010, 6),
(152, 4, '', '', '', 3271040, 3271040010, 6),
(153, 5, '', '', '', 3271040, 3271040010, 6),
(154, 1, '', '', '', 3271040, 3271040010, 9),
(155, 2, '', '', '', 3271040, 3271040010, 9),
(156, 3, '', '', '', 3271040, 3271040010, 9),
(157, 5, '', '', '', 3271040, 3271040010, 9),
(158, 6, '', '', '', 3271040, 3271040010, 9),
(159, 1, '', '', '', 3271040, 3271040010, 10),
(160, 2, '', '', '', 3271040, 3271040010, 10),
(161, 3, '', '', '', 3271040, 3271040010, 10),
(162, 4, '', '', '', 3271040, 3271040010, 10),
(163, 1, '', '', '', 3271040, 3271040001, 4),
(164, 2, '', '', '', 3271040, 3271040001, 4),
(165, 1, '', '', '', 3271040, 3271040001, 7),
(166, 4, '', '', '', 3271040, 3271040001, 7),
(167, 5, '', '', '', 3271040, 3271040001, 7),
(168, 3, '', '', '', 3271040, 3271040001, 3),
(169, 3, '', '', '', 3271040, 3271040001, 4),
(170, 3, '', '', '', 3271040, 3271040001, 6),
(171, 1, '', '', '', 3271040, 3271040001, 6),
(172, 4, '', '', '', 3271040, 3271040001, 6),
(173, 1, '', '', '', 3271040, 3271040001, 5),
(174, 3, '', '', '', 3271040, 3271040001, 5),
(175, 1, '', '', '', 3271040, 3271040001, 9),
(176, 2, '', '', '', 3271040, 3271040001, 9),
(177, 4, '', '', '', 3271040, 3271040001, 9),
(178, 5, '', '', '', 3271040, 3271040001, 9),
(179, 3, '', '', '', 3271040, 3271040001, 9),
(180, 2, '', '', '', 3271040, 3271040001, 10),
(181, 3, '', '', '', 3271040, 3271040001, 10),
(182, 4, '', '', '', 3271040, 3271040001, 10),
(183, 1, '', '', '', 3271040, 3271040001, 11),
(184, 4, '', '', '', 3271040, 3271040001, 11),
(185, 2, '', '', '', 3271040, 3271040001, 12),
(186, 3, '', '', '', 3271040, 3271040001, 12),
(187, 1, '', '', '', 3271040, 3271040009, 6),
(188, 2, '', '', '', 3271040, 3271040009, 6),
(189, 3, '', '', '', 3271040, 3271040009, 6),
(190, 1, '', '', '', 3271040, 3271040009, 7),
(191, 2, '', '', '', 3271040, 3271040009, 7),
(192, 3, '', '', '', 3271040, 3271040009, 7),
(193, 4, '', '', '', 3271040, 3271040009, 1),
(194, 5, '', '', '', 3271040, 3271040009, 1),
(195, 4, '', '', '', 3271040, 3271040009, 2),
(196, 4, '', '', '', 3271040, 3271040009, 3),
(197, 6, '', '', '', 3271040, 3271040009, 3),
(198, 3, '', '', '', 3271040, 3271040009, 3),
(199, 4, '', '', '', 3271040, 3271040009, 4),
(200, 3, '', '', '', 3271040, 3271040009, 5),
(201, 5, '', '', '', 3271040, 3271040009, 5),
(202, 7, '', '', '', 3271040, 3271040009, 5),
(203, 2, '', '', '', 3271050, 3271050013, 4),
(204, 1, '', '', '', 3271050, 3271050013, 4),
(205, 4, '', '', '', 3271050, 3271050013, 4),
(206, 3, '', '', '', 3271050, 3271050013, 3),
(207, 1, '', '', '', 3271050, 3271050013, 3),
(208, 4, '', '', '', 3271050, 3271050013, 3),
(209, 3, '', '', '', 3271050, 3271050008, 5),
(210, 1, '', '', '', 3271050, 3271050008, 5),
(211, 4, '', '', '', 3271050, 3271050008, 5),
(212, 1, '', '', '', 3271050, 3271050008, 4),
(213, 2, '', '', '', 3271050, 3271050008, 4),
(214, 3, '', '', '', 3271050, 3271050008, 4),
(215, 4, '', '', '', 3271050, 3271050008, 4),
(216, 2, '', '', '', 3271050, 3271050008, 9),
(217, 1, '', '', '', 3271050, 3271050008, 13),
(218, 1, '', '', '', 3271050, 3271050008, 12),
(219, 3, '', '', '', 3271050, 3271050008, 12),
(220, 1, '', '', '', 3271050, 3271050008, 11),
(221, 2, '', '', '', 3271050, 3271050008, 11),
(222, 1, '', '', '', 3271050, 3271050008, 1),
(223, 2, '', '', '', 3271050, 3271050007, 4),
(224, 3, '', '', '', 3271050, 3271050007, 4),
(225, 4, '', '', '', 3271050, 3271050007, 4),
(226, 1, '', '', '', 3271050, 3271050007, 6),
(227, 4, '', '', '', 3271050, 3271050007, 6),
(228, 2, '', '', '', 3271050, 3271050007, 7),
(229, 1, '', '', '', 3271050, 3271050007, 7),
(230, 3, '', '', '', 3271050, 3271050007, 7),
(231, 4, '', '', '', 3271050, 3271050007, 7),
(232, 1, '', '', '', 3271050, 3271050016, 3),
(233, 1, '', '', '', 3271050, 3271050016, 5),
(234, 1, '', '', '', 3271050, 3271050016, 4),
(235, 2, '', '', '', 3271050, 3271050016, 4),
(236, 5, '', '', '', 3271050, 3271050016, 13),
(237, 2, '', '', '', 3271050, 3271050016, 7),
(238, 3, '', '', '', 3271050, 3271050015, 1),
(239, 1, '', '', '', 3271050, 3271050015, 1),
(240, 2, '', '', '', 3271050, 3271050015, 1),
(241, 6, '', '', '', 3271050, 3271050015, 1),
(242, 6, '', '', '', 3271050, 3271050015, 2),
(243, 5, '', '', '', 3271050, 3271050015, 2),
(244, 4, '', '', '', 3271050, 3271050015, 2),
(245, 5, '', '', '', 3271050, 3271050004, 4),
(246, 4, '', '', '', 3271050, 3271050004, 4),
(247, 3, '', '', '', 3271050, 3271050004, 4),
(248, 2, '', '', '', 3271050, 3271050004, 4),
(249, 6, '', '', '', 3271050, 3271050004, 4),
(250, 1, '', '', '', 3271050, 3271050004, 4),
(251, 1, '', '', '', 3271050, 3271050004, 5),
(252, 2, '', '', '', 3271050, 3271050004, 5),
(253, 3, '', '', '', 3271050, 3271050004, 5),
(254, 5, '', '', '', 3271050, 3271050004, 6),
(255, 1, '', '', '', 3271050, 3271050004, 6),
(256, 2, '', '', '', 3271050, 3271050004, 6),
(257, 4, '', '', '', 3271050, 3271050004, 1),
(258, 3, '', '', '', 3271050, 3271050004, 1),
(259, 2, '', '', '', 3271050, 3271050004, 1),
(260, 6, '', '', '', 3271050, 3271050004, 1),
(261, 1, '', '', '', 3271050, 3271050004, 2),
(262, 5, '', '', '', 3271050, 3271050004, 2),
(263, 6, '', '', '', 3271050, 3271050004, 2),
(264, 2, '', '', '', 3271050, 3271050004, 2),
(265, 4, '', '', '', 3271050, 3271050004, 2),
(266, 1, '', '', '', 3271050, 3271050004, 11),
(267, 2, '', '', '', 3271050, 3271050004, 11),
(268, 1, '', '', '', 3271050, 3271050004, 12),
(269, 2, '', '', '', 3271050, 3271050004, 12),
(270, 1, '', '', '', 3271050, 3271050004, 20),
(271, 2, '', '', '', 3271050, 3271050004, 8),
(272, 3, '', '', '', 3271050, 3271050004, 8),
(273, 2, '', '', '', 3271050, 3271050005, 11),
(274, 3, '', '', '', 3271050, 3271050005, 11),
(275, 5, '', '', '', 3271050, 3271050005, 11),
(276, 2, '', '', '', 3271050, 3271050005, 2),
(277, 3, '', '', '', 3271050, 3271050005, 2),
(278, 4, '', '', '', 3271050, 3271050005, 2),
(279, 4, '', '', '', 3271050, 3271050005, 11),
(280, 2, '', '', '', 3271050, 3271050010, 6),
(281, 5, '', '', '', 3271050, 3271050010, 2),
(282, 4, '', '', '', 3271050, 3271050010, 4),
(283, 1, '', '', '', 3271050, 3271050010, 4),
(284, 3, '', '', '', 3271050, 3271050010, 4),
(285, 2, '', '', '', 3271050, 3271050010, 4),
(286, 1, '', '', '', 3271050, 3271050010, 5),
(287, 1, '', '', '', 3271050, 3271050006, 12),
(288, 2, '', '', '', 3271050, 3271050006, 12),
(289, 2, '', '', '', 3271050, 3271050006, 8),
(290, 3, '', '', '', 3271050, 3271050006, 8),
(291, 2, '', '', '', 3271050, 3271050006, 3),
(292, 4, '', '', '', 3271050, 3271050006, 4),
(293, 4, '', '', '', 3271050, 3271050006, 10),
(294, 1, '', '', '', 3271050, 3271050003, 15),
(295, 4, '', '', '', 3271050, 3271050003, 15),
(296, 2, '', '', '', 3271050, 3271050003, 13),
(297, 1, '', '', '', 3271050, 3271050003, 13),
(298, 2, '', '', '', 3271050, 3271050003, 9),
(299, 5, '', '', '', 3271050, 3271050003, 8),
(300, 4, '', '', '', 3271050, 3271050003, 8),
(301, 3, '', '', '', 3271050, 3271050003, 8),
(302, 6, '', '', '', 3271050, 3271050003, 8),
(303, 1, '', '', '', 3271050, 3271050003, 10),
(304, 3, '', '', '', 3271050, 3271050003, 10),
(305, 5, '', '', '', 3271050, 3271050003, 10),
(306, 2, '', '', '', 3271050, 3271050003, 10),
(307, 3, '', '', '', 3271050, 3271050003, 11),
(308, 1, '', '', '', 3271050, 3271050003, 11),
(309, 3, '', '', '', 3271050, 3271050001, 2),
(310, 3, '', '', '', 3271050, 3271050001, 5),
(311, 1, '', '', '', 3271050, 3271050001, 5),
(312, 2, '', '', '', 3271050, 3271050001, 5),
(313, 2, '', '', '', 3271050, 3271050001, 4),
(314, 1, '', '', '', 3271050, 3271050002, 6),
(315, 4, '', '', '', 3271050, 3271050002, 6),
(316, 5, '', '', '', 3271050, 3271050002, 6),
(317, 2, '', '', '', 3271050, 3271050002, 6),
(318, 4, '', '', '', 3271050, 3271050002, 8),
(319, 2, '', '', '', 3271050, 3271050002, 8),
(320, 1, '', '', '', 3271050, 3271050002, 8),
(321, 3, '', '', '', 3271050, 3271050002, 8),
(322, 2, '', '', '', 3271050, 3271050002, 2),
(323, 3, '', '', '', 3271050, 3271050002, 2),
(324, 6, '', '', '', 3271050, 3271050002, 2);

-- --------------------------------------------------------

--
-- Table structure for table `t-rw`
--

CREATE TABLE `t-rw` (
  `id_rw` int(6) NOT NULL,
  `no_rw` int(11) NOT NULL,
  `nm_rw` varchar(50) NOT NULL,
  `almt` varchar(50) NOT NULL,
  `telp` varchar(10) NOT NULL,
  `rw_kec` int(11) NOT NULL,
  `rw_kel` bigint(11) NOT NULL
) ENGINE=InnoDB DEFAULT CHARSET=latin1;

--
-- Dumping data for table `t-rw`
--

INSERT INTO `t-rw` (`id_rw`, `no_rw`, `nm_rw`, `almt`, `telp`, `rw_kec`, `rw_kel`) VALUES
(1, 1, 'RW Bpk H. Budi Setiawan', 'Bogor Barat - Balungbangjaya', '33242423', 3271050, 3271050011),
(2, 12, '', '', '', 3271020, 3271020005),
(3, 8, '', '', '', 3271020, 3271020005),
(4, 9, '', '', '', 3271020, 3271020005),
(5, 7, '', '', '', 3271020, 3271020005),
(6, 1, '', '', '', 3271020, 3271020005),
(7, 9, '', '', '', 3271020, 3271020004),
(8, 14, '', '', '', 3271020, 3271020004),
(9, 1, '', '', '', 3271020, 3271020004),
(10, 4, '', '', '', 3271020, 3271020004),
(11, 8, '', '', '', 3271020, 3271020004),
(12, 5, '', '', '', 3271020, 3271020004),
(13, 6, '', '', '', 3271020, 3271020004),
(14, 5, '', '', '', 3271020, 3271020001),
(15, 6, '', '', '', 3271020, 3271020001),
(16, 7, '', '', '', 3271020, 3271020001),
(17, 9, '', '', '', 3271020, 3271020002),
(18, 10, '', '', '', 3271020, 3271020002),
(19, 11, '', '', '', 3271020, 3271020002),
(20, 7, '', '', '', 3271020, 3271020002),
(21, 12, '', '', '', 3271020, 3271020002),
(22, 8, '', '', '', 3271020, 3271020002),
(23, 4, '', '', '', 3271020, 3271020002),
(24, 4, '', '', '', 3271020, 3271020003),
(25, 5, '', '', '', 3271020, 3271020003),
(26, 5, '', '', '', 3271040, 3271040005),
(27, 2, '', '', '', 3271040, 3271040005),
(28, 6, '', '', '', 3271040, 3271040005),
(29, 3, '', '', '', 3271040, 3271040007),
(30, 3, '', '', '', 3271040, 3271040003),
(31, 4, '', '', '', 3271040, 3271040003),
(32, 5, '', '', '', 3271040, 3271040003),
(33, 8, '', '', '', 3271040, 3271040003),
(34, 9, '', '', '', 3271040, 3271040003),
(35, 10, '', '', '', 3271040, 3271040003),
(36, 1, '', '', '', 3271040, 3271040008),
(37, 2, '', '', '', 3271040, 3271040008),
(38, 4, '', '', '', 3271040, 3271040008),
(39, 5, '', '', '', 3271040, 3271040008),
(40, 3, '', '', '', 3271040, 3271040008),
(41, 6, '', '', '', 3271040, 3271040008),
(42, 3, '', '', '', 3271040, 3271040011),
(43, 8, '', '', '', 3271040, 3271040011),
(44, 10, '', '', '', 3271040, 3271040011),
(45, 4, '', '', '', 3271040, 3271040011),
(46, 5, '', '', '', 3271040, 3271040011),
(47, 12, '', '', '', 3271040, 3271040011),
(48, 7, '', '', '', 3271040, 3271040011),
(49, 9, '', '', '', 3271040, 3271040011),
(50, 5, '', '', '', 3271040, 3271040006),
(51, 6, '', '', '', 3271040, 3271040006),
(52, 7, '', '', '', 3271040, 3271040006),
(53, 4, '', '', '', 3271040, 3271040006),
(54, 3, '', '', '', 3271040, 3271040006),
(55, 4, '', '', '', 3271040, 3271040004),
(56, 6, '', '', '', 3271040, 3271040004),
(57, 9, '', '', '', 3271040, 3271040004),
(58, 2, '', '', '', 3271040, 3271040004),
(59, 3, '', '', '', 3271040, 3271040002),
(60, 7, '', '', '', 3271040, 3271040002),
(61, 11, '', '', '', 3271040, 3271040002),
(62, 12, '', '', '', 3271040, 3271040002),
(63, 1, '', '', '', 3271040, 3271040002),
(64, 2, '', '', '', 3271040, 3271040002),
(65, 6, '', '', '', 3271040, 3271040010),
(66, 9, '', '', '', 3271040, 3271040010),
(67, 10, '', '', '', 3271040, 3271040010),
(68, 4, '', '', '', 3271040, 3271040001),
(69, 7, '', '', '', 3271040, 3271040001),
(70, 3, '', '', '', 3271040, 3271040001),
(71, 6, '', '', '', 3271040, 3271040001),
(72, 5, '', '', '', 3271040, 3271040001),
(73, 9, '', '', '', 3271040, 3271040001),
(74, 10, '', '', '', 3271040, 3271040001),
(75, 11, '', '', '', 3271040, 3271040001),
(76, 12, '', '', '', 3271040, 3271040001),
(77, 6, '', '', '', 3271040, 3271040009),
(78, 7, '', '', '', 3271040, 3271040009),
(79, 1, '', '', '', 3271040, 3271040009),
(80, 2, '', '', '', 3271040, 3271040009),
(81, 3, '', '', '', 3271040, 3271040009),
(82, 4, '', '', '', 3271040, 3271040009),
(83, 5, '', '', '', 3271040, 3271040009),
(84, 4, '', '', '', 3271050, 3271050013),
(85, 3, '', '', '', 3271050, 3271050013),
(86, 5, '', '', '', 3271050, 3271050008),
(87, 4, '', '', '', 3271050, 3271050008),
(88, 9, '', '', '', 3271050, 3271050008),
(89, 13, '', '', '', 3271050, 3271050008),
(90, 12, '', '', '', 3271050, 3271050008),
(91, 11, '', '', '', 3271050, 3271050008),
(92, 1, '', '', '', 3271050, 3271050008),
(93, 4, '', '', '', 3271050, 3271050007),
(94, 6, '', '', '', 3271050, 3271050007),
(95, 7, '', '', '', 3271050, 3271050007),
(96, 3, '', '', '', 3271050, 3271050016),
(97, 5, '', '', '', 3271050, 3271050016),
(98, 4, '', '', '', 3271050, 3271050016),
(99, 13, '', '', '', 3271050, 3271050016),
(100, 7, '', '', '', 3271050, 3271050016),
(101, 1, '', '', '', 3271050, 3271050015),
(102, 2, '', '', '', 3271050, 3271050015),
(103, 4, '', '', '', 3271050, 3271050004),
(104, 5, '', '', '', 3271050, 3271050004),
(105, 6, '', '', '', 3271050, 3271050004),
(106, 1, '', '', '', 3271050, 3271050004),
(107, 2, '', '', '', 3271050, 3271050004),
(108, 11, '', '', '', 3271050, 3271050004),
(109, 12, '', '', '', 3271050, 3271050004),
(110, 20, '', '', '', 3271050, 3271050004),
(111, 8, '', '', '', 3271050, 3271050004),
(112, 11, '', '', '', 3271050, 3271050005),
(113, 2, '', '', '', 3271050, 3271050005),
(114, 6, '', '', '', 3271050, 3271050010),
(115, 2, '', '', '', 3271050, 3271050010),
(116, 4, '', '', '', 3271050, 3271050010),
(117, 5, '', '', '', 3271050, 3271050010),
(118, 12, '', '', '', 3271050, 3271050010),
(119, 8, '', '', '', 3271050, 3271050010),
(120, 3, '', '', '', 3271050, 3271050010),
(121, 10, '', '', '', 3271050, 3271050010),
(122, 12, '', '', '', 3271050, 3271050006),
(123, 8, '', '', '', 3271050, 3271050006),
(124, 3, '', '', '', 3271050, 3271050006),
(125, 4, '', '', '', 3271050, 3271050006),
(126, 10, '', '', '', 3271050, 3271050006),
(127, 15, '', '', '', 3271050, 3271050003),
(128, 13, '', '', '', 3271050, 3271050003),
(129, 9, '', '', '', 3271050, 3271050003),
(130, 8, '', '', '', 3271050, 3271050003),
(131, 10, '', '', '', 3271050, 3271050003),
(132, 11, '', '', '', 3271050, 3271050003),
(133, 2, '', '', '', 3271050, 3271050001),
(134, 5, '', '', '', 3271050, 3271050001),
(135, 4, '', '', '', 3271050, 3271050001),
(136, 6, '', '', '', 3271050, 3271050002),
(137, 8, '', '', '', 3271050, 3271050002),
(138, 2, '', '', '', 3271050, 3271050002);

-- --------------------------------------------------------

--
-- Table structure for table `tester`
--

CREATE TABLE `tester` (
  `id_report` int(4) NOT NULL,
  `bulan` varchar(8) NOT NULL,
  `nilai` int(3) NOT NULL
) ENGINE=InnoDB DEFAULT CHARSET=latin1;

--
-- Dumping data for table `tester`
--

INSERT INTO `tester` (`id_report`, `bulan`, `nilai`) VALUES
(1, 'Januari', 30),
(2, 'Februari', 40),
(3, 'Maret', 50),
(4, 'April', 10),
(6, 'Mei', 30),
(7, 'Juni', 15),
(8, 'Juli', 20),
(9, 'Agustus', 60);

-- --------------------------------------------------------

--
-- Table structure for table `tr_instansi`
--

CREATE TABLE `tr_instansi` (
  `id` int(1) NOT NULL,
  `nama` varchar(100) NOT NULL,
  `alamat` varchar(100) NOT NULL,
  `kepsek` varchar(100) NOT NULL,
  `nip_kepsek` varchar(100) NOT NULL,
  `logo` varchar(100) NOT NULL,
  `no_telp` varchar(20) NOT NULL,
  `email` varchar(40) NOT NULL,
  `tentang_singkat` text NOT NULL
) ENGINE=InnoDB DEFAULT CHARSET=latin1;

--
-- Dumping data for table `tr_instansi`
--

INSERT INTO `tr_instansi` (`id`, `nama`, `alamat`, `kepsek`, `nip_kepsek`, `logo`, `no_telp`, `email`, `tentang_singkat`) VALUES
(1, 'Sistem Informasi Rumah Tidak Layak Huni', 'Jalan Pengadilan No. 8A, Telp. (0251) 8322 001 ', 'Drs. Test Test, SH, MM', '19620706 198001 1 011', '13.png', '(0251) 8322 001 ', 'diswasbangkim@kotabogor.go.id', 'Sistem Informasi Rumah Tidak Layak Huni adalah sebuah sistem yang dipergunakan untuk mengelola masyarakat yang tidak mampu. Dengan melihat data  keluarga yang menghuni RTLH tsb.');

-- --------------------------------------------------------

--
-- Table structure for table `t_bantuan`
--

CREATE TABLE `t_bantuan` (
  `id-bantuan` int(2) NOT NULL,
  `no_ktp` varchar(16) NOT NULL,
  `nm_bantuan` varchar(25) NOT NULL,
  `instansi` varchar(50) NOT NULL,
  `jml_bantuan` int(16) NOT NULL,
  `tahun` varchar(4) NOT NULL
) ENGINE=InnoDB DEFAULT CHARSET=latin1;

--
-- Dumping data for table `t_bantuan`
--

INSERT INTO `t_bantuan` (`id-bantuan`, `no_ktp`, `nm_bantuan`, `instansi`, `jml_bantuan`, `tahun`) VALUES
(1, '327102056480001', 'test', 'test', 213213123, '2013'),
(2, '327102056480001', 'test', 'test', 1231, '2013'),
(3, '327102056480001', 'awdawdwa', 'sfafeaef', 123213123, '2010');

-- --------------------------------------------------------

--
-- Table structure for table `t_rtlh`
--

CREATE TABLE `t_rtlh` (
  `id_rtlh` int(11) NOT NULL,
  `no_ktp` varchar(20) NOT NULL,
  `no_kk` varchar(20) NOT NULL,
  `nm_pemilik` varchar(50) NOT NULL,
  `jenis_kelamin` enum('Pria','Wanita') NOT NULL,
  `status_pernikahan` enum('single/lajang','menikah','janda/duda') NOT NULL,
  `rtlh_almt` varchar(50) NOT NULL,
  `rtlh_rt` bigint(11) NOT NULL,
  `rtlh_rw` bigint(11) NOT NULL,
  `rtlh_kel` bigint(11) NOT NULL,
  `rtlh_kec` bigint(11) NOT NULL,
  `rtlh_kd_pos` varchar(5) NOT NULL,
  `no_tlpHP` int(12) NOT NULL,
  `jum_kk` int(2) NOT NULL,
  `jum_individu` int(3) NOT NULL,
  `pendapatan` int(7) NOT NULL,
  `foto_awal` text NOT NULL,
  `foto_akhir` text NOT NULL,
  `sisi1` text NOT NULL,
  `sisi2` text NOT NULL,
  `sisi3` text NOT NULL,
  `sisi4` text NOT NULL,
  `sisi5` text NOT NULL,
  `sisi6` text NOT NULL,
  `latitude` varchar(15) NOT NULL,
  `longitude` varchar(15) NOT NULL,
  `status_pendataan` enum('Sudah di Data','Belum di Data') NOT NULL,
  `tgl_survey` date NOT NULL,
  `keterangan` text NOT NULL,
  `prioritas` enum('1','2','3') NOT NULL,
  `nama_bantuan` text NOT NULL
) ENGINE=InnoDB DEFAULT CHARSET=latin1;

-- --------------------------------------------------------

--
-- Table structure for table `t_rtlh2`
--

CREATE TABLE `t_rtlh2` (
  `id_rtlh` int(11) NOT NULL,
  `rtlh_kecamatan` varchar(50) NOT NULL,
  `rtlh_kelurahan` varchar(50) NOT NULL,
  `rtlh_rw` varchar(50) NOT NULL,
  `rtlh_rt` varchar(50) NOT NULL,
  `no_ktp` varchar(20) NOT NULL,
  `no_kk` varchar(20) NOT NULL,
  `nm_pemilik` varchar(100) NOT NULL,
  `jenis_kelamin` enum('Pria','Wanita') NOT NULL,
  `status_pernikahan` enum('single/lajang','menikah','duda/janda') NOT NULL,
  `prioritas` enum('1','2','3') NOT NULL,
  `latitude` varchar(50) NOT NULL,
  `longitude` varchar(50) NOT NULL,
  `rtlh_almt` varchar(100) NOT NULL,
  `keterangan` text NOT NULL,
  `bantuan_yang_diterima` varchar(100) NOT NULL,
  `pekerjaan` enum('PNS/Polri/TNI','Karyawan Swasta','Petani','Buruh','Lainnya','Tidak Kerja') NOT NULL,
  `rentang_pengahasilan_bulanan` enum('> 2Juta','1,8 - 2Juta','1,3 - 1,7Juta','1 - 1,7Juta','< 1Juta') NOT NULL,
  `intensitas_penghasilan` enum('Tetap','Tidak Tetap') NOT NULL,
  `luas_bangunan` int(11) NOT NULL,
  `tipe_bangunan` enum('Deret/Berhempit','Tunggal') NOT NULL,
  `fungsi_bangunan` enum('Hunian Murni','Fungsi Ganda') NOT NULL,
  `status_tanah` enum('SHM','HGB','Sewa Pakai','Girik','Ilegal') NOT NULL,
  `status_penguhian_bangunan` enum('Milik Sendiri','Milik Ortu/Keluarga','Sewa/Kontrak','Bebas Pakai','Lainnya') NOT NULL,
  `kendaraan_roda_dua` enum('Motor','Sepeda','Becak','Tidak Ada') NOT NULL,
  `sarana_usaha` enum('Gerobak','Warung','Pikulan','Jahitan','Bengkel','Counter','Asongan','Tidak Ada') NOT NULL,
  `hewan_ternak` enum('Ada','Tidak Ada') NOT NULL,
  `usia` int(11) NOT NULL,
  `kategori_usia` enum('Produktif','Lansia') NOT NULL,
  `status_fisik` enum('Sehat','Cacat') NOT NULL,
  `luas_tanah` int(11) NOT NULL,
  `ruang_gerak_perjiwa` int(11) NOT NULL,
  `jumlah_penghuni` int(11) NOT NULL,
  `jumlah_dewasa` int(11) NOT NULL,
  `jumlah_anak` int(11) NOT NULL,
  `jumlah_balita` int(11) NOT NULL,
  `sisi1` text NOT NULL,
  `sisi2` text NOT NULL,
  `sisi3` text NOT NULL,
  `sisi4` text NOT NULL,
  `sisi5` text NOT NULL,
  `sisi6` text NOT NULL
) ENGINE=InnoDB DEFAULT CHARSET=latin1;

--
-- Dumping data for table `t_rtlh2`
--

INSERT INTO `t_rtlh2` (`id_rtlh`, `rtlh_kecamatan`, `rtlh_kelurahan`, `rtlh_rw`, `rtlh_rt`, `no_ktp`, `no_kk`, `nm_pemilik`, `jenis_kelamin`, `status_pernikahan`, `prioritas`, `latitude`, `longitude`, `rtlh_almt`, `keterangan`, `bantuan_yang_diterima`, `pekerjaan`, `rentang_pengahasilan_bulanan`, `intensitas_penghasilan`, `luas_bangunan`, `tipe_bangunan`, `fungsi_bangunan`, `status_tanah`, `status_penguhian_bangunan`, `kendaraan_roda_dua`, `sarana_usaha`, `hewan_ternak`, `usia`, `kategori_usia`, `status_fisik`, `luas_tanah`, `ruang_gerak_perjiwa`, `jumlah_penghuni`, `jumlah_dewasa`, `jumlah_anak`, `jumlah_balita`, `sisi1`, `sisi2`, `sisi3`, `sisi4`, `sisi5`, `sisi6`) VALUES
(3, '3271020', '3271020005', '12', '1', '327102056480001', '327102205060071', 'Rachmat Mulyana', 'Pria', 'menikah', '3', '-6.53974190088699', '106.80359480131763', 'Babakan Peundeuy', '', '', 'Buruh', '1,3 - 1,7Juta', 'Tidak Tetap', 56, 'Deret/Berhempit', 'Hunian Murni', 'SHM', 'Milik Sendiri', 'Motor', 'Tidak Ada', 'Tidak Ada', 68, 'Lansia', 'Sehat', 56, 14, 4, 3, 1, 0, 'DSCN0536_(Small)1.JPG', 'DSCN0540_(Small)1.JPG', 'DSCN0546_(Small)1.JPG', 'DSCN0544_(Small)1.JPG', 'DSCN0549_(Small)1.JPG', 'DSCN0547_(Small)1.JPG'),
(4, '3271020', '3271020005', '12', '1', '3271021306080036', '327102205060071', 'Ahmad Mulyadi', 'Pria', 'menikah', '1', '-6.602996333139863', '106.8040126356129', 'Babakan Peundeuy', '', '', 'Lainnya', '< 1Juta', 'Tidak Tetap', 41, 'Deret/Berhempit', 'Hunian Murni', 'SHM', 'Milik Sendiri', 'Tidak Ada', 'Gerobak', 'Tidak Ada', 48, 'Produktif', 'Sehat', 41, 6, 6, 4, 2, 0, 'IMG_0255_(Small)1.JPG', 'IMG_0260_(Small)1.JPG', 'IMG_0262_(Small)2.JPG', 'IMG_0264_(Small)2.JPG', 'IMG_0267_(Small)1.JPG', 'IMG_0265_(Small)2.JPG'),
(5, '3271020', '3271020005', '12', '1', '3271021712580001', '327102010307087', 'Haris', 'Pria', 'menikah', '2', '-6.603321470476647', '106.80411327488811', 'Babakan Peundeuy', '', '', 'Lainnya', '< 1Juta', 'Tidak Tetap', 34, 'Deret/Berhempit', 'Hunian Murni', 'SHM', 'Milik Sendiri', 'Motor', 'Warung', 'Tidak Ada', 58, 'Produktif', 'Sehat', 17, 8, 4, 3, 1, 0, 'IMG_0269_(Small)1.JPG', 'IMG_0271_(Small)1.JPG', 'IMG_0273_(Small)1.JPG', 'IMG_0275_(Small)1.JPG', 'IMG_0276_(Small)1.JPG', 'IMG_0293_(Small)1.JPG'),
(6, '3271020', '3271020005', '12', '2', '3271023112580036', '3271022712070017', 'M. Yunus', 'Pria', 'menikah', '1', '-6.603437570077802', '106.80451154204626', 'Babakan Peundeuy', '', '', 'Buruh', '< 1Juta', 'Tidak Tetap', 34, 'Deret/Berhempit', 'Hunian Murni', 'SHM', 'Milik Sendiri', 'Tidak Ada', 'Tidak Ada', 'Tidak Ada', 58, 'Produktif', 'Sehat', 10, 2, 5, 3, 1, 1, 'DSCN0553_(Small)1.JPG', 'DSCN0556_(Small)1.JPG', 'DSCN0558_(Small)1.JPG', 'DSCN0560_(Small)1.JPG', 'DSCN0562_(Small)1.JPG', 'DSCN0563_(Small)1.JPG'),
(7, '3271020', '3271020005', '12', '2', '3271023003560001', '3271020103070844', 'M. Yusuf', 'Pria', 'menikah', '2', '-6.6034376028354815', '106.80450250019739', 'Kp. Peundeuy', '', '', 'Lainnya', '< 1Juta', 'Tidak Tetap', 32, 'Deret/Berhempit', 'Hunian Murni', 'SHM', 'Milik Sendiri', 'Motor', 'Warung', 'Ada', 60, 'Lansia', 'Sehat', 16, 4, 7, 7, 0, 0, 'IMG_0278_(Small)1.JPG', 'IMG_0281_(Small)1.JPG', 'IMG_0285_(Small)1.JPG', 'IMG_0286_(Small)1.JPG', 'IMG_0290_(Small)1.JPG', 'IMG_0290_(Small)2.JPG'),
(8, '3271020', '3271020005', '8', '1', '32710271180057', '3271022406080030', 'Erom', 'Wanita', 'duda/janda', '1', '-6.6042267541822905', '106.81376432586327', 'Kp. Peundeuy', '', '', 'Lainnya', '< 1Juta', 'Tidak Tetap', 50, 'Deret/Berhempit', 'Hunian Murni', 'Girik', 'Milik Sendiri', 'Tidak Ada', 'Pikulan', 'Tidak Ada', 58, 'Produktif', 'Sehat', 50, 50, 1, 1, 0, 0, 'IMG_0984_(Small)1.JPG', 'IMG_0986_(Small)1.JPG', 'IMG_0989_(Small)1.JPG', 'IMG_1001_(Small)1.JPG', 'IMG_1010_(Small)1.JPG', 'IMG_1004_(Small)1.JPG'),
(9, '3271020', '3271020005', '8', '2', '3271024208270001', '3271022706070015', 'Icah', 'Wanita', 'duda/janda', '3', '-6.603956429605532', '106.81351016721833', 'Kp. Peundeuy', '', '', 'Tidak Kerja', '< 1Juta', 'Tidak Tetap', 60, 'Deret/Berhempit', 'Hunian Murni', 'Girik', 'Milik Sendiri', 'Tidak Ada', 'Tidak Ada', 'Tidak Ada', 89, 'Lansia', 'Sehat', 60, 12, 5, 4, 1, 0, 'IMG_0928_(Small)1.JPG', 'IMG_0929_(Small)1.JPG', 'IMG_0932_(Small)2.JPG', 'IMG_0937_(Small)2.JPG', 'IMG_0939_(Small)2.JPG', 'IMG_0942_(Small)2.JPG'),
(10, '3271020', '3271020005', '8', '2', '3271022704410003', '3271020403071647', 'Pendi', 'Wanita', 'duda/janda', '1', '-6.604009921620724', '106.81371832647851', 'Kp. Peundeuy', '', '', 'Tidak Kerja', '< 1Juta', 'Tidak Tetap', 40, 'Deret/Berhempit', 'Hunian Murni', 'Girik', 'Milik Sendiri', 'Tidak Ada', 'Warung', 'Tidak Ada', 70, 'Lansia', 'Cacat', 40, 6, 6, 4, 2, 0, 'IMG_0964_(Small)2.JPG', 'IMG_0965_(Small)1.JPG', 'IMG_0971_(Small)1.JPG', 'IMG_0976_(Small)1.JPG', 'IMG_0978_(Small)2.JPG', 'IMG_0979_(Small)2.JPG'),
(11, '3271020', '3271020005', '8', '2', '3271025204460002', '3271020203070213', 'Anah', 'Wanita', 'duda/janda', '2', '-6.604011370279915', '106.81332048666069', 'Kp. Peundeuy', '', '', 'Tidak Kerja', '< 1Juta', 'Tidak Tetap', 40, 'Deret/Berhempit', 'Fungsi Ganda', 'Girik', 'Milik Sendiri', 'Tidak Ada', 'Warung', 'Tidak Ada', 70, 'Lansia', 'Cacat', 40, 6, 6, 4, 2, 0, 'IMG_0944_(Small).JPG', 'IMG_0945_(Small)1.JPG', 'IMG_0946_(Small).JPG', 'IMG_0947_(Small).JPG', 'IMG_0948_(Small)1.JPG', 'IMG_0956_(Small).JPG'),
(12, '3271020', '3271020005', '9', '3', '3271021705780009', '3271020303074525', 'Aisah', 'Wanita', 'duda/janda', '3', '-6.59982650270375', '106.81541200589533', 'Kp. Peundeuy', '', '', 'Lainnya', '< 1Juta', 'Tidak Tetap', 25, 'Deret/Berhempit', 'Hunian Murni', 'Girik', 'Milik Sendiri', 'Motor', 'Tidak Ada', 'Tidak Ada', 35, 'Produktif', 'Sehat', 25, 5, 5, 3, 2, 0, 'IMG_0456_(Small)1.JPG', 'IMG_0458_(Small)1.JPG', 'IMG_0461_(Small).JPG', 'IMG_0462_(Small)2.JPG', 'IMG_0465_(Small)1.JPG', 'IMG_0467_(Small).JPG');

-- --------------------------------------------------------

--
-- Table structure for table `t_user`
--

CREATE TABLE `t_user` (
  `id_user` int(2) NOT NULL,
  `username` varchar(100) NOT NULL,
  `password` varchar(100) NOT NULL,
  `nama` varchar(50) NOT NULL,
  `nip` varchar(16) NOT NULL,
  `level` varchar(15) NOT NULL
) ENGINE=InnoDB DEFAULT CHARSET=latin1;

--
-- Dumping data for table `t_user`
--

INSERT INTO `t_user` (`id_user`, `username`, `password`, `nama`, `nip`, `level`) VALUES
(1, 'super_admin', '21232f297a57a5a743894a0e4a801fc3', 'Super Administrator', '534112292', 'super_admin');

--
-- Indexes for dumped tables
--

--
-- Indexes for table `mst_desa`
--
ALTER TABLE `mst_desa`
  ADD PRIMARY KEY (`id_desa`);

--
-- Indexes for table `mst_kecamatan`
--
ALTER TABLE `mst_kecamatan`
  ADD PRIMARY KEY (`id_kecamatan`);

--
-- Indexes for table `t-kec`
--
ALTER TABLE `t-kec`
  ADD PRIMARY KEY (`id-kec`);

--
-- Indexes for table `t-kel`
--
ALTER TABLE `t-kel`
  ADD PRIMARY KEY (`id-kel`);

--
-- Indexes for table `t-rt`
--
ALTER TABLE `t-rt`
  ADD PRIMARY KEY (`id_rt`);

--
-- Indexes for table `t-rw`
--
ALTER TABLE `t-rw`
  ADD PRIMARY KEY (`id_rw`);

--
-- Indexes for table `tester`
--
ALTER TABLE `tester`
  ADD PRIMARY KEY (`id_report`);

--
-- Indexes for table `tr_instansi`
--
ALTER TABLE `tr_instansi`
  ADD PRIMARY KEY (`id`);

--
-- Indexes for table `t_bantuan`
--
ALTER TABLE `t_bantuan`
  ADD PRIMARY KEY (`id-bantuan`);

--
-- Indexes for table `t_rtlh`
--
ALTER TABLE `t_rtlh`
  ADD PRIMARY KEY (`id_rtlh`),
  ADD UNIQUE KEY `no_ktp` (`no_ktp`),
  ADD UNIQUE KEY `no_ktp_2` (`no_ktp`),
  ADD UNIQUE KEY `no_ktp_3` (`no_ktp`);

--
-- Indexes for table `t_rtlh2`
--
ALTER TABLE `t_rtlh2`
  ADD PRIMARY KEY (`id_rtlh`);

--
-- Indexes for table `t_user`
--
ALTER TABLE `t_user`
  ADD PRIMARY KEY (`id_user`);

--
-- AUTO_INCREMENT for dumped tables
--

--
-- AUTO_INCREMENT for table `t-rt`
--
ALTER TABLE `t-rt`
  MODIFY `id_rt` int(8) NOT NULL AUTO_INCREMENT, AUTO_INCREMENT=325;
--
-- AUTO_INCREMENT for table `t-rw`
--
ALTER TABLE `t-rw`
  MODIFY `id_rw` int(6) NOT NULL AUTO_INCREMENT, AUTO_INCREMENT=139;
--
-- AUTO_INCREMENT for table `tester`
--
ALTER TABLE `tester`
  MODIFY `id_report` int(4) NOT NULL AUTO_INCREMENT, AUTO_INCREMENT=10;
--
-- AUTO_INCREMENT for table `tr_instansi`
--
ALTER TABLE `tr_instansi`
  MODIFY `id` int(1) NOT NULL AUTO_INCREMENT, AUTO_INCREMENT=2;
--
-- AUTO_INCREMENT for table `t_bantuan`
--
ALTER TABLE `t_bantuan`
  MODIFY `id-bantuan` int(2) NOT NULL AUTO_INCREMENT, AUTO_INCREMENT=4;
--
-- AUTO_INCREMENT for table `t_rtlh`
--
ALTER TABLE `t_rtlh`
  MODIFY `id_rtlh` int(11) NOT NULL AUTO_INCREMENT;
--
-- AUTO_INCREMENT for table `t_rtlh2`
--
ALTER TABLE `t_rtlh2`
  MODIFY `id_rtlh` int(11) NOT NULL AUTO_INCREMENT, AUTO_INCREMENT=13;
--
-- AUTO_INCREMENT for table `t_user`
--
ALTER TABLE `t_user`
  MODIFY `id_user` int(2) NOT NULL AUTO_INCREMENT, AUTO_INCREMENT=2;
/*!40101 SET CHARACTER_SET_CLIENT=@OLD_CHARACTER_SET_CLIENT */;
/*!40101 SET CHARACTER_SET_RESULTS=@OLD_CHARACTER_SET_RESULTS */;
/*!40101 SET COLLATION_CONNECTION=@OLD_COLLATION_CONNECTION */;
